dealerlocator_id,dealer_name,dealer_address1,dealer_address2,dealer_city,dealer_state,dealer_country,dealer_zip,dealer_phone,dealer_email,dealer_latitude,dealer_longitude,status,created_time,update_time,dealer_fax,dealer_store_status,dealer_group_id,dealer_county,store_google_calendar,dealer_store_number,cms_blocks,closes_cities,closes_zip
2756,"A.C. Moore","Deptford Plaza","1120 Hurffville Road","Deptford ",NJ,,08096,"(856) 845-4957",,39.8227054,-75.1195107,1,"2016-03-17 06:05:45","2016-03-17 06:05:45",NULL,Open,0,NULL,acmstore002@gmail.com,2,"a:2:{i:0;a:2:{s:8:""block_id"";s:1:""8"";s:9:""block_url"";s:0:"""";}i:1;a:2:{s:8:""block_id"";s:1:""6"";s:9:""block_url"";s:0:"""";}}",NULL,NULL
2757,"A.C. Moore","Eng Creek Shopping Center","3003 English Creek Avenue, Unit B-2","Egg Harbor Twp ",NJ,,08234,"(609) 646-0062",,39.3480422,-74.6634640,1,"2013-03-27 01:50:49","2013-03-27 01:50:49",NULL,Open,0,NULL,spc003@acmoore.com,3,NULL,NULL,NULL
2758,"A.C. Moore","Berkshire Mall West","1101 Woodland Road",Wyomissing,PA,,19610,"(610) 374-4311",,40.3295370,-75.9652117,1,"2013-03-27 01:46:35","2013-03-27 01:46:35",NULL,Open,0,NULL,spc005@acmoore.com,5,NULL,NULL,NULL
2759,"A.C. Moore","Allentown Plaza","2633 MacArthur Road",Whitehall,PA,,18052,"(610) 264-4003",,40.6456544,-75.4934315,1,"2013-04-30 01:22:53","2013-04-30 01:22:53",NULL,Open,0,NULL,spc006@acmoore.com,6,NULL,NULL,NULL
2760,"A.C. Moore","Bensalem Center","1907 Street Road","Bensalem ",PA,,19020,"(215) 638-2747",,40.0965160,-74.9452918,1,"2013-04-30 01:23:06","2013-04-30 01:23:06",NULL,Open,0,NULL,spc007@acmoore.com,7,NULL,NULL,NULL
2761,"A.C. Moore","Kirkwood Plaza Shopping Center","4433 Kirkwood Highway","Wilmington ",DE,,19808,"(302) 994-9016",,39.7269070,-75.6529755,1,"2013-04-30 01:23:20","2013-04-30 01:23:20",NULL,Open,0,NULL,spc008@acmoore.com,8,NULL,NULL,NULL
2762,"A.C. Moore","Broomall Plaza","2940 Springfield Road",Broomall,PA,,19008,"(610) 353-1117",,39.9699500,-75.3530229,1,"2013-03-27 01:44:09","2013-03-27 01:44:09",NULL,Open,0,NULL,spc009@acmoore.com,9,NULL,NULL,NULL
2763,"A.C. Moore","Mid State Mall","314 State Highway 18 North","East Brunswick",NJ,,08816,"(732) 390-0231",,40.4564185,-74.3984756,1,"2013-04-30 01:24:01","2013-04-30 01:24:01",NULL,Open,0,NULL,spc010@acmoore.com,10,NULL,NULL,NULL
2764,"A.C. Moore","Town Square Mall   ","2433 Vestal Pkwy East Suite C   ",Vestal,NY,,13850,"(607) 797-1144",,42.0636938,-76.0159800,1,"2013-03-27 01:42:42","2013-03-27 01:42:42",NULL,Open,0,NULL,spc011@acmoore.com,11,NULL,NULL,NULL
2765,"A.C. Moore","Bay Harbor Plaza","55 Brick Blvd",Brick,NJ,,08723,"(732) 255-9509",,40.0246340,-74.1425390,1,"2013-03-27 01:42:17","2013-03-27 01:42:17",NULL,Open,0,NULL,spc012@acmoore.com,12,NULL,NULL,NULL
2766,"A.C. Moore","The Point Shopping Center","4219 Union Deposit Rd",Harrisburg,PA,,17111,"(717) 561-8110",,40.2700804,-76.7913558,1,"2013-03-27 01:41:17","2013-03-27 01:41:17",NULL,Open,0,NULL,spc013@acmoore.com,13,NULL,NULL,NULL
2767,"A.C. Moore","Hamilton Plaza","1245 State Highway Route 33","Hamilton Twp",NJ,,08690,"(609) 587-1636",,40.2246660,-74.6526030,1,"2013-03-27 01:39:52","2013-03-27 01:39:52",NULL,Open,0,NULL,spc014@acmoore.com,14,NULL,NULL,NULL
2768,"A.C. Moore","978 Bethlehem Pike",,"Montgomeryville ",PA,,18936,"(215) 699-7224",,40.2264595,-75.2350026,1,"2013-03-27 01:39:19","2013-03-27 01:39:19",NULL,Open,0,NULL,spc015@acmoore.com,15,NULL,NULL,NULL
2769,"A.C. Moore","New Loudon Shopping Center ","873 New Loudon Road, Suite 6",Latham,NY,,12110,"(518) 782-0095",,42.7539447,-73.7830861,1,"2013-03-27 01:38:37","2013-03-27 01:38:37",NULL,Open,0,NULL,spc016@acmoore.com,16,NULL,NULL,NULL
2770,"A.C. Moore","Lancaster Shopping Center     ","1515 Lititz Pike ","Lancaster ",PA,,17601,"(717) 291-1140",,40.0658363,-76.3068812,1,"2013-03-27 01:37:50","2013-03-27 01:37:50",NULL,Open,0,NULL,spc017@acmoore.com,17,NULL,NULL,NULL
2771,"A.C. Moore","The Centre at Dover ","277 N. Dupont Highway","Dover ",DE,,19901,"(302) 674-9870",,39.1581680,-75.5243682,1,"2013-03-27 01:36:43","2013-03-27 01:36:43",NULL,Open,0,NULL,spc018@acmoore.com,18,NULL,NULL,NULL
2772,"A.C. Moore",,"88 Dunning Road #27",Middletown,NY,,10940,"(845) 344-6090",,41.4459271,-74.4229341,1,"2013-04-30 01:25:06","2013-04-30 01:25:06",NULL,Open,0,NULL,spc019@acmoore.com,19,NULL,NULL,NULL
2773,"A.C. Moore","Brandywine Square","1050 East Lancaster Avenue","Downingtown ",PA,,19335,"(610) 873-3150",,40.0178630,-75.6800608,1,"2013-03-27 01:35:20","2013-03-27 01:35:20",NULL,Open,0,NULL,spc020@acmoore.com,20,NULL,NULL,NULL
2774,"A.C. Moore","Alpine Shopping Center","1404 Rt 9    #A101","Wappingers Falls",NY,,12590,"(845) 297-4693",,41.5964825,-73.9109700,1,"2013-04-30 01:23:50","2013-04-30 01:23:50",NULL,Open,0,NULL,spc021@acmoore.com,21,NULL,NULL,NULL
2775,"A.C. Moore","Rockland Center","165 Rockland Center    ",Nanuet,NY,,10954,"(845) 624-2077",,41.0921862,-74.0021822,1,"2013-04-30 01:24:50","2013-04-30 01:24:50",NULL,Open,0,NULL,spc022@acmoore.com,22,NULL,NULL,NULL
2776,"A.C. Moore","Christmas Tree Plaza","210 A Indian River Rd P.O. Box 594",Orange,CT,,06477,"(203) 795-9450",,41.2786370,-73.0265277,1,"2013-03-27 01:19:19","2013-03-27 01:19:19",NULL,Open,0,NULL,spc023@acmoore.com,23,NULL,NULL,NULL
2777,"A.C. Moore","Shoppers World","One Worcester Road","Framingham ",MA,,01701,"(508) 620-7560",,42.2992408,-71.4430969,1,"2013-04-30 01:23:36","2013-04-30 01:23:36",NULL,Open,0,NULL,spc025@acmoore.com,25,NULL,NULL,NULL
2778,"A.C. Moore","Dickson City Crossings","628 Commerce Blvd.","Dickson City",PA,,18519,"(570) 961-5590",,41.4681487,-75.6418601,1,"2013-03-27 01:17:14","2013-03-27 01:17:14",NULL,Open,0,NULL,spc026@acmoore.com,26,NULL,NULL,NULL
2779,"A.C. Moore","Marketfair North Shopping Center","4154 Route 31                     ",Clay,NY,,13041,"(315) 622-2725",,43.1929520,-76.2131474,1,"2013-04-30 01:27:11","2013-04-30 01:27:11",NULL,Open,0,NULL,spc027@acmoore.com,27,NULL,NULL,NULL
2780,"A.C. Moore","Avenues at White Marsh ","8115 D Honeygo Blvd       ",Nottingham,MD,,21236,"(410) 931-7580",,39.3794196,-76.4599043,1,"2013-03-27 01:16:02","2013-03-27 01:16:02",NULL,Open,0,NULL,spc028@acmoore.com,28,NULL,NULL,NULL
2781,"A.C. Moore","Staples Plaza  ","3333 Crompond  Rd","Yorktown Hts ",NY,,10598,"(914) 734-4450",,41.2899850,-73.8308590,1,"2013-04-30 01:25:19","2013-04-30 01:25:19",NULL,Open,0,NULL,spc029@acmoore.com,29,NULL,NULL,NULL
2782,"A.C. Moore","Crossroads Shopping Center","225 Hartford Ave              ","Bellingham ",MA,,02019,"(508) 966-3335",,42.1126424,-71.4709043,1,"2013-04-30 01:27:24","2013-04-30 01:27:24",NULL,Open,0,NULL,spc030@acmoore.com,30,NULL,NULL,NULL
2783,"A.C. Moore","Governor Plaza Shopping Center","6625A Governor Ritchie Hwy","Glen Burnie ",MD,,21061,"(410) 582-9346",,39.1959977,-76.6132421,1,"2013-04-30 01:25:31","2013-04-30 01:25:31",NULL,Open,0,NULL,spc031@acmoore.com,31,NULL,NULL,NULL
2784,"A.C. Moore","Liberty Tree Mall","100 Independence Way","Danvers ",MA,,01923,"(978) 750-0420",,42.5526258,-70.9392497,1,"2013-04-30 01:25:43","2013-04-30 01:25:43",NULL,Open,0,NULL,spc032@acmoore.com,32,NULL,NULL,NULL
2785,"A.C. Moore","Holyoke Mall","50 Holyoke St. P.O. Box 10264","Holyoke ",MA,,01040,"(413) 533-6804",,42.2042586,-72.6162009,1,"2013-03-27 01:08:57","2013-03-27 01:08:57",NULL,Open,0,NULL,spc033@acmoore.com,33,NULL,NULL,NULL
2786,"A.C. Moore","Assembly Square   ","145 Middlesex Avenue",Somerville,MA,,02145,"(617) 628-5957",,42.3944387,-71.0835097,1,"2013-04-30 01:25:57","2013-04-30 01:25:57",NULL,Open,0,NULL,spc034@acmoore.com,34,NULL,NULL,NULL
2787,"A.C. Moore","      ","544 West  Gate Drive   ",Brockton,MA,,02301,"(508) 584-9933",,42.0725522,-71.0378909,1,"2013-04-30 01:26:11","2013-04-30 01:26:11",NULL,Open,0,NULL,spc035@acmoore.com,35,NULL,NULL,NULL
2788,"A.C. Moore","Turnpike Plaza","255 Amherst Street",Nashua,NH,,03063,"(603) 598-6684",,42.7788904,-71.4976151,1,"2013-03-27 01:00:14","2013-03-27 01:00:14",NULL,Open,0,NULL,spc037@acmoore.com,37,NULL,NULL,NULL
2789,"A.C. Moore","Cowesett Corners ","300 Quaker Lane Suite 10",Warwick,RI,,02886-0158,"(401) 823-7400",,41.6895740,-71.4979850,1,"2013-04-30 01:26:23","2013-04-30 01:26:23",NULL,Open,0,NULL,spc038@acmoore.com,38,NULL,NULL,NULL
2790,"A.C. Moore","Towne Ctr. West Shopping Center","494 State Road ","N. Dartmouth ",MA,,02747,"(508) 992-4441",,41.6419489,-71.0043130,1,"2013-04-30 01:26:45","2013-04-30 01:26:45",NULL,Open,0,NULL,spc039@acmoore.com,39,NULL,NULL,NULL
2791,"A.C. Moore","Connecticut Commons ","284 New Britain Ave",Plainville,CT,,06062,"(860) 747-4345",,41.6758242,-72.8403768,1,"2013-03-27 12:57:14","2013-03-27 12:57:14",NULL,Open,0,NULL,spc040@acmoore.com,40,NULL,NULL,NULL
2792,"A.C. Moore","Frederick Crossing","7330 Guilford Drive",Frederick,MD,,21704,"(301) 668-3711 ",,39.3425174,-77.3668965,1,"2013-03-27 12:56:15","2013-03-27 12:56:15",NULL,Open,0,NULL,spc041@acmoore.com,41,NULL,NULL,NULL
2793,"A.C. Moore","Silas Creek Crossing","1862 Silas Creek Parkway",Winston-Salem,NC,,27103,"(336) 774-0255 ",,36.0697244,-80.2681591,1,"2013-03-27 12:55:21","2013-03-27 12:55:21",NULL,Open,0,NULL,spc042@acmoore.com,42,NULL,NULL,NULL
2794,"A.C. Moore","The Pavillion at Kings Grant","8066 Concord Mills Blvd.",Concord,NC,,28027," (704) 979-3200 ",,35.3728134,-80.7228627,1,"2013-04-30 01:27:01","2013-04-30 01:27:01",NULL,Open,0,NULL,spc043@acmoore.com,43,NULL,NULL,NULL
2795,"A.C. Moore",,"G-1, 351 North Frontage Road","New London ",CT,,06320,"(860) 447-1277",,41.3705997,-72.1212637,1,"2013-03-27 12:56:25","2013-03-27 12:56:25",NULL,Open,0,NULL,spc044@acmoore.com,44,NULL,NULL,NULL
2796,"A.C. Moore","341-50 South College Road","University Commons Shpg Ctr",Wilmington,"NC ",,28403,"(910) 793-1700",,34.2253022,-77.8710285,1,"2013-03-21 07:26:59","2013-03-21 07:26:59",NULL,Open,0,NULL,spc045@acmoore.com,45,NULL,NULL,NULL
2797,"A.C. Moore","Centre at Hagerstown","17656 Garland Groh Blvd.",Hagerstown,"MD ",,21740,"(301) 739-4888",,39.6548870,-77.7557900,1,"2013-03-21 07:26:33","2013-03-21 07:26:33",NULL,Open,0,NULL,spc046@acmoore.com,46,NULL,NULL,NULL
2798,"A.C. Moore","Lincoln Plaza","2424 Old Lincoln Highway",Langhorne,PA,,19047,"(215) 741-0200  ",,40.1745538,-74.9226665,1,"2013-04-30 01:37:20","2013-04-30 01:37:20",NULL,Open,0,NULL,spc047@acmoore.com,47,NULL,NULL,NULL
2799,"A.C. Moore","Hickory Ridge Shopping Center","1862 Catawba Valley Boulevard, S.E.","Hickory ",0,,28602,"(828) 324-0162 ",,35.6703562,-81.3619402,1,"2013-04-30 01:27:39","2013-04-30 01:27:39",NULL,Open,0,NULL,spc048@acmoore.com,48,NULL,NULL,NULL
2800,"A.C. Moore","Lycoming Mall","529 Lycoming Mall Circle",Pennsdale,PA,,17756,"(570) 546-2540",,41.2431363,-76.7966262,1,"2013-03-21 07:27:28","2013-03-21 07:27:28",NULL,Open,0,NULL,spc049@acmoore.com,49,NULL,NULL,NULL
2801,"A.C. Moore","Styretowne Plaza Shopping Center","1069 Bloomfield Ave",Clifton,NJ,,07012,"(973) 470-8885",,40.8396853,-74.1591907,1,"2013-04-30 01:28:12","2013-04-30 01:28:12",NULL,Open,0,NULL,spc050@acmoore.com,50,NULL,NULL,NULL
2802,"A.C. Moore",,"229 Park Hills Plaza",Altoona,PA,,16602,"(814) 946-9811",,40.5171089,-78.3734841,1,"2013-03-27 12:53:14","2013-03-27 12:53:14",NULL,Open,0,NULL,spc051@acmoore.com,51,NULL,NULL,NULL
2803,"A.C. Moore","Crossroads Plaza","429 Crossroads Plaza",Cary,NC,,27518,"(919) 816-8100",,35.7605433,-78.7358142,1,"2013-03-25 02:45:00","2013-03-25 02:45:00",NULL,Open,0,NULL,spc052@acmoore.com,52,NULL,NULL,NULL
2804,"A.C. Moore","Capital Crossing Shopping Center","4721 Capital Boulevard",Raleigh,NC,,27604,"(919) 871-0260",,35.8479824,-78.5802236,1,"2013-04-30 01:28:37","2013-04-30 01:28:37",NULL,Open,0,NULL,spc053@acmoore.com,53,NULL,NULL,NULL
2805,"A.C. Moore","Southwind Plaza","65 Independence Drive, Route 132",Hyannis,MA,,02601,"(508) 771-7669",,41.6766184,-70.3130715,1,"2013-03-25 02:46:25","2013-03-25 02:46:25",NULL,Open,0,NULL,spc054@acmoore.com,54,NULL,NULL,NULL
2806,"A.C. Moore","Wilton Square ","3037 Route 50","Saratoga Springs",NY,,12866,"(518) 583-4400",,43.1012098,-73.7463805,1,"2013-03-26 07:15:24","2013-03-26 07:15:24",NULL,Open,0,NULL,spc055@acmoore.com,55,NULL,NULL,NULL
2807,"A.C. Moore","204 Emily Drive","East Pointe Shopping Center ",Clarksburg,WV,,26301,"(304) 626-3112",,39.2806451,-80.3445341,1,"2013-04-30 01:37:47","2013-04-30 01:37:47",NULL,Open,0,NULL,spc056@acmoore.com,56,NULL,NULL,NULL
2808,"A.C. Moore","1117 Woodruff Road, Suite I","Plaza at Greenville Mall",Greenville,SC,,29607,"(864) 987-9400",,34.8526176,-82.3940104,1,"2013-04-30 01:38:01","2013-04-30 01:38:01",NULL,Open,0,NULL,spc058@acmoore.com,58,NULL,NULL,NULL
2809,"A.C. Moore","450 Eisenhower Drive",,Hanover,PA,,17331,"(717) 632-9000",,39.8255213,-76.9740765,1,"2013-04-30 01:38:18","2013-04-30 01:38:18",NULL,Open,0,NULL,spc059@acmoore.com,59,NULL,NULL,NULL
2810,"A.C. Moore","Shrewsbury Plaza Shpg Ctr","1030-1060 Broad St., Rt. 35, Suite 100",Shrewsbury,NJ,,07702,"(732) 389-2940",,40.3295547,-74.0615285,1,"2013-03-27 01:28:39","2013-03-27 01:28:39",NULL,Open,0,NULL,spc060@acmoore.com,60,NULL,NULL,NULL
2811,"A.C. Moore","Aviation Plaza Shpg Ctr","641 West Edgar Road",Linden,NJ,,07036,"(908) 523-1205",,40.6218457,-74.2475548,1,"2013-03-28 02:54:05","2013-03-28 02:54:05",NULL,Open,0,NULL,spc061@acmoore.com,61,NULL,NULL,NULL
2812,"A.C. Moore","Columbus Crossing Shpg Ctr","1851 S. Columbus Blvd., Suite F",Philadelphia,PA,,19148,"(215) 465-0930",,39.9234256,-75.1403901,1,"2013-04-01 02:31:40","2013-04-01 02:31:40",NULL,Open,0,NULL,spc062@acmoore.com,62,NULL,NULL,NULL
2813,"A.C. Moore","Maine Crossing Shopping Center","200 Running Hill Road, Suite 1","South Portland",ME,,04106,"(207) 253-5178",,43.6353920,-70.3471330,1,"2013-04-01 02:32:49","2013-04-01 02:32:49",NULL,Open,0,NULL,spc063@acmoore.com,63,NULL,NULL,NULL
2814,"A.C. Moore","Montrose Crossing","12013 Rockville Pike",Rockville,MD,,20852," (301) 881-5081",,39.0537599,-77.1170445,1,"2013-04-01 03:58:58","2013-04-01 03:58:58",NULL,Open,0,NULL,spc064@acmoore.com,64,NULL,NULL,NULL
2815,"A.C. Moore","'The Crossroads Center","5800 Crossroads Center Way","Falls Church",VA,,22041,"(703) 578-1401",,38.8485316,-77.1398878,1,"2013-04-01 07:20:06","2013-04-01 07:20:06",NULL,Open,0,NULL,spc065@acmoore.com,65,NULL,NULL,NULL
2816,"A.C. Moore","Fair City Mall ","9650 Main Street",Fairfax,VA,,22031," (703) 764-2004",,38.8418304,-77.2760653,1,"2013-04-30 01:38:32","2013-04-30 01:38:32",NULL,Open,0,NULL,spc066@acmoore.com,66,NULL,NULL,NULL
2817,"A.C. Moore","The Centre at Deane Hill","250 Morrell Road",Knoxville,TN,,37919,"(865) 539-9767",,35.9238817,-84.0330722,1,"2013-04-01 07:43:01","2013-04-01 07:43:01",NULL,Open,0,NULL,spc067@acmoore.com,67,NULL,NULL,NULL
2818,"A.C. Moore","North Point Plaza","7400 Rivers Avenue, Suite 9001-C","North Charleston",SC,,29406,"(843) 569-3838",,32.8970422,-80.0240501,1,"2013-04-30 01:38:49","2013-04-30 01:38:49",NULL,Open,0,NULL,spc0638@acmoore.com,68,NULL,NULL,NULL
2819,"A.C. Moore","2 Elm Street",,Woburn,MA,,01801,"(781) 938-8391",,42.5006480,-71.1598280,1,"2013-04-30 01:39:02","2013-04-30 01:39:02",NULL,Open,0,NULL,spc069@acmoore.com,69,NULL,NULL,NULL
2820,"A.C. Moore","5075 Morganton Road","Cross Pointe Shopping Center ",Fayetteville,NC,,28314,"(910) 864-5013",,35.0585989,-79.0532061,1,"2013-04-30 01:39:34","2013-04-30 01:39:34",NULL,Open,0,NULL,spc070@acmoore.com,70,NULL,NULL,NULL
2821,"A.C. Moore","179C Hale Road","Manchester Commons ",Manchester,CT,,06040,"(860) 648-0563",,41.8037754,-72.5342931,1,"2013-03-25 02:57:20","2013-03-25 02:57:20",NULL,Open,0,NULL,spc071@acmoore.com,71,NULL,NULL,NULL
2822,"A.C. Moore","2050 Thundering Herd Drive",,Barboursville,WV,,25504,"(304) 736-5185",,38.4211280,-82.2847390,1,"2013-04-30 01:39:19","2013-04-30 01:39:19",NULL,Open,0,NULL,spc072@acmoore.com,72,NULL,NULL,NULL
2823,"A.C. Moore","Pyramid Mall ","40 Catherwood Road, Suite 82","Ithaca             ",NY,,14850,"(607) 257-7870",,42.4439614,-76.5018807,1,"2013-04-30 01:39:50","2013-04-30 01:39:50",NULL,Open,0,NULL,spc073@acmoore.com,73,NULL,NULL,NULL
2824,"A.C. Moore","Mill Creek Mall ","345 Mill Creek Mall","Erie ",PA,,16565,"(814) 864-9220",,42.0722039,-80.0964415,1,"2013-04-30 01:40:08","2013-04-30 01:40:08",NULL,Open,0,NULL,spc074@acmoore.com,74,NULL,NULL,NULL
2825,"A.C. Moore","Birchwood Shopping Center ","3750 Virginia Beach Boulevard, Suite D","Virginia Beach",VA,,23452,"(757) 486-1194",,36.8414110,-76.1021380,1,"2013-04-30 01:40:39","2013-04-30 01:40:39",NULL,Open,0,NULL,spc076@acmoore.com,76,NULL,NULL,NULL
2827,A.C.Moore,"Salem Plaza","271 South Broadway","Salem ",NH,,03079," (603) 893-5935",,42.7613812,-71.2141692,1,"2013-04-30 01:40:53","2013-04-30 01:40:53",NULL,Open,0,NULL,spc079@acmoore.com,79,NULL,NULL,NULL
2828,"A.C. Moore","3670 McKinley Pkwy #1","McKinley Plaza",Blasdell,NY,,14219,"(716) 823-2850",,42.7972810,-78.8233661,1,"2013-04-30 01:41:06","2013-04-30 01:41:06",NULL,Open,0,NULL,spc080@acmoore.com,80,NULL,NULL,NULL
2829,"A.C. Moore","Boulevard Comsumer Square ","1581 Niagara Falls Boulevard",Amherst,NY,,14228,"(716) 834-2290",,42.9974878,-78.8223429,1,"2013-04-30 01:41:18","2013-04-30 01:41:18",NULL,Open,0,NULL,spc081@acmoore.com,81,NULL,NULL,NULL
2830,"A.C. Moore","6520 Carlisle Pike, Suite 365B","Silver Spring Commons ","Mechanicsburg  ",PA,,17050,"(717) 766-1002",,40.2365689,-77.0071013,1,"2013-04-30 01:41:29","2013-04-30 01:41:29",NULL,Open,0,NULL,spc083@acmoore.com,82,NULL,NULL,NULL
2831,"A.C. Moore","541 F Lincoln Street","Lincoln Plaza",Worcester,MA,,01605,"(508) 595-9330",,42.2908394,-71.7833444,1,"2013-04-30 01:41:42","2013-04-30 01:41:42",NULL,Open,0,NULL,spc083@acmoore.com,83,NULL,NULL,NULL
2832,"A.C. Moore","359 Nesconset Highway","Hauppauge Shopping Center ","Hauppauge ",NY,,11788,"(631) 360-6667",,40.8153846,-73.2116584,1,"2013-04-30 01:41:56","2013-04-30 01:41:56",NULL,Open,0,NULL,spc084@acmoore.com,84,NULL,NULL,NULL
2833,"A.C. Moore","3988 Hempstead Turnpike","Plainedge Shopping Center  ","Bethpage ",NY,,11714,"(516) 796-5831",,40.7442664,-73.4820687,1,"2013-04-30 01:42:14","2013-04-30 01:42:14",NULL,Open,0,NULL,spc085@acmoore.com,85,NULL,NULL,NULL
2834,"A.C. Moore","2190 Wilkes-Barre Township Market Place","Wilkes-Barre Township Market Place",Wilkes-Barre,PA,,18702,"(570) 820-0570",,41.2418090,-75.8777446,1,"2013-04-30 01:42:54","2013-04-30 01:42:54",NULL,Open,0,NULL,spc086@acmoore.com,86,NULL,NULL,NULL
2835,"A.C. Moore","Stroud Shopping Center ","1112 N. 9th Street",Stroudsburg,PA,,18360,"(570) 422-6860",,40.9888552,-75.2197517,1,"2013-04-30 01:43:13","2013-04-30 01:43:13",NULL,Open,0,NULL,spc088@acmoore.com,88,NULL,NULL,NULL
2837,"A.C. Moore","Patterson Place ","3615 Witherspoon Blvd, Suite 107",Durham,NC,,27707,"(919) 402-8053",,35.9502170,-78.9885960,1,"2013-04-30 01:43:26","2013-04-30 01:43:26",NULL,Open,0,NULL,spc090@acmoore.com,90,NULL,NULL,NULL
2838,"A.C. Moore","Paramus Place","165 West  Route 4",Paramus,NJ,,07652,"(201) 291-0793",,40.9167576,-74.0569500,1,"2013-04-30 01:44:26","2013-04-30 01:44:26",NULL,Open,0,NULL,spc091@acmoore.com,91,NULL,NULL,NULL
2839,"A.C. Moore","Sudley Town Shopping Center ","7673 Sudley Road ",Manassas,VA,,20109,"(703) 392-5690",,38.7887936,-77.5142908,1,"2013-04-30 01:44:42","2013-04-30 01:44:42",NULL,Open,0,NULL,spc092@acmoore.com,92,NULL,NULL,NULL
2840,"A.C. Moore","Marshall's Mega Store Plaza","3409 Erie Blvd. E., Suite 240",Syracuse,NY,,13214,"(315) 446-2741 ",,43.0470520,-76.0656330,1,"2013-04-30 01:45:01","2013-04-30 01:45:01",NULL,Open,0,NULL,spc093@acmoore.com,93,NULL,NULL,NULL
2841,"A.C. Moore","Shoppes at Bowie Town Center","3861 Evergreen Parkway",Bowie,MD,,20716,"(301) 262-3672",,38.9417658,-76.7355896,1,"2013-04-30 01:45:28","2013-04-30 01:45:28",NULL,Open,0,NULL,spc094@acmoore.com,94,NULL,NULL,NULL
2842,"A.C. Moore","Sun Vet Mall","5801 Sunrise Hwy",Holbrook,NY,,11741,"(631) 567-3821",,40.7941562,-73.0700421,1,"2013-04-30 01:45:40","2013-04-30 01:45:40",NULL,Open,0,NULL,spc095@acmoore.com,95,NULL,NULL,NULL
2843," A.C.Moore","River Ridge Shopping Center ","800 Fairview Road, Suite JJ",Asheville,NC,,28803,"(828) 299-0777",,35.5421019,-82.5294065,1,"2013-04-30 01:45:55","2013-04-30 01:45:55",NULL,Open,0,NULL,spc096@acmoore.com,96,NULL,NULL,NULL
2844,"A.C. Moore","Waldorf Marketplace","3035 Waldorf Market Place",Waldorf,MD,,20603,"(301) 632-5125",,38.6258626,-76.9176412,1,"2013-04-30 01:46:08","2013-04-30 01:46:08",NULL,Open,0,NULL,spc097@acmoore.com,97,NULL,NULL,NULL
2845,"A.C. Moore"," Clocktower Place  ","157 Glen Cove Road ","Carle Place",NY,,11514,"(516) 294-8401 ",,40.7467164,-73.6173328,1,"2013-04-30 01:46:21","2013-04-30 01:46:21",NULL,Open,0,NULL,spc098@acmoore.com,98,NULL,NULL,NULL
2846,"A.C. Moore","1801 South Ave","West Shore Plaza","Staten Island",NY,,10314,"(718) 370-0691",,40.5993996,-74.1900957,1,"2013-04-30 01:46:50","2013-04-30 01:46:50",NULL,Open,0,NULL,spc099@acmoore.com,99,NULL,NULL,NULL
2847,"A.C. Moore","Ashbrook Commons Plaza","20020 Ashbrook Commons Plaza",Ashburn,"VA ",,20147,"(703) 858-9565",,39.0612082,-77.4702600,1,"2013-03-23 05:16:21","2013-03-23 05:16:21",NULL,Open,0,NULL,spc100@acmoore.com,100,NULL,NULL,NULL
2848,"A.C. Moore","Central Park","1833 Carl D Silver Parkway",Fredericksburg,0,,22401,"(540) 785-2949",,38.3048885,-77.4816693,1,"2013-04-30 01:46:37","2013-04-30 01:46:37",NULL,Open,0,NULL,spc102@acmoore.com,102,NULL,NULL,NULL
2849,"A.C. Moore","Mill Creek Power Center","400 Mill Creek Drive",Secaucus,NJ,,07094,"(201) 902-0377",,40.7916319,-74.0502436,1,"2013-04-30 01:47:08","2013-04-30 01:47:08",NULL,Open,0,NULL,spc103@acmoore.com,103,NULL,NULL,NULL
2850,"A.C. Moore","Hanover Mall ","1775 Washington Street",Hanover,0,,02339,"(781) 829-0680",,42.1162217,-70.8476708,1,"2013-04-30 01:47:24","2013-04-30 01:47:24",NULL,Open,0,NULL,spc104@acmoore.com,104,NULL,NULL,NULL
2851,"A.C. Moore","Best Buy Shopping Center ","7 US Highway 9, Suite 11",Manalapan,0,,07726,"(732) 462-8655",,40.2800274,-74.3470170,1,"2013-04-30 01:47:43","2013-04-30 01:47:43",NULL,Open,0,NULL,spc105@acmoore.com,105,NULL,NULL,NULL
2852,"A.C. Moore","Mall of New Hampshire","1500 South Willow Street, Unit N 201",Manchester,NH,,03103,"(603) 621-7160",,42.9561485,-71.4418101,1,"2013-04-30 01:47:57","2013-04-30 01:47:57",NULL,Open,0,NULL,spc106@acmoore.com,106,NULL,NULL,NULL
2853,"A.C. Moore","Bangor Parkade Shopping Center ","510 Stillwater Avenue",Bangor,0,,04401,"(207) 945-5645",,44.8504122,-68.8618617,1,"2013-04-30 01:48:12","2013-04-30 01:48:12",NULL,Open,0,NULL,spc107@acmoore.com,107,NULL,NULL,NULL
2854,"A.C. Moore","Ridgemont Plaza           ","2833 West Ridge Road, Suite 9",Rochester,0,,14626,"(585) 227-6630",,43.2136678,-77.7108686,1,"2013-04-30 01:48:23","2013-04-30 01:48:23",NULL,Open,0,NULL,spc108@acmoore.com,108,NULL,NULL,NULL
2855,"A.C. Moore","Savannah Mall","14045 Abercorn Street Suite 2702",Savannah,0,,31419,"(912) 921-0727",,31.9708128,-81.1586515,1,"2013-04-30 01:48:35","2013-04-30 01:48:35",NULL,Open,0,NULL,spc111@acmoore.com,111,NULL,NULL,NULL
2856,"A.C. Moore","89-89 Union Turnpikje",,"Glendale ",0,,11385,"(718) 846-3718",,40.6980708,-73.8948295,1,"2013-04-30 01:48:54","2013-04-30 01:48:54",NULL,Open,0,NULL,spc112@acmoore.com,112,NULL,NULL,NULL
2857,"A.C. Moore","4250 Electric Road ","Tanglewood Mall",Roanoke,0,,24018,"(540) 725-5324",,37.1967674,-80.0311364,1,"2013-04-30 01:49:07","2013-04-30 01:49:07",NULL,Open,0,NULL,spc113@acmoore.com,113,NULL,NULL,NULL
2858,"A.C. Moore","3559 N Federal Highway","Shopper Haven","Pompano Beach",0,,33064,"(954) 788-0924",,26.2778269,-80.1093570,1,"2013-04-30 01:49:23","2013-04-30 01:49:23",NULL,Open,0,NULL,spc117@acmoore.com,117,NULL,NULL,NULL
2859,"A.C. Moore","Market Square Plaza","720 Jefferson, Road, Suite 500",Rochester,NY,,14623,"(585) 292-5360",,43.0881300,-77.6241660,1,"2013-04-30 01:49:37","2013-04-30 01:49:37",NULL,Open,0,NULL,spc118@acmoore.com,118,NULL,NULL,NULL
2860,"A.C. Moore","Court at Upper Providence","1824 Ridge Pike, Suite 102",Royersford,PA,,19468," (610) 409-0570",,40.1842688,-75.5379639,1,"2013-04-30 01:49:52","2013-04-30 01:49:52",NULL,Open,0,NULL,spc119@acmoore.com,119,NULL,NULL,NULL
2861,"A.C. Moore","Dedham Mall ","346 Providence Highway",Dedham,0,,02026,"(781) 461-2484",,42.2494514,-71.1804988,1,"2013-04-30 01:50:16","2013-04-30 01:50:16",NULL,Open,0,NULL,spc121@acmoore.com,121,NULL,NULL,NULL
2862,"A.C. Moore","1834 Matthews Twp Parkway, Suite 100",,Matthews,0,,28105,"(704) 814-4305",,35.1105564,-80.7103532,1,"2013-04-30 01:50:30","2013-04-30 01:50:30",NULL,Open,0,NULL,spc122@acmoore.com,122,NULL,NULL,NULL
2863,"A.C. Moore","Emerald Place","411 Mary Ester Cut-Off","Ft. Walton Beach",0,,32548,"(850) 244-1743",,30.4034846,-86.6107106,1,"2013-04-30 01:50:42","2013-04-30 01:50:42",NULL,Open,0,NULL,spc123@acmoore.com,123,NULL,NULL,NULL
2865,"A.C. Moore","The Crossroads","351 Loucks Road",York,PA,,17404,"(717) 843-2385",,39.9842349,-76.7393317,1,"2013-03-22 06:56:16","2013-03-22 06:56:16",NULL,Open,0,NULL,spc125@acmoore.com,125,NULL,NULL,NULL
2866,"A.C. Moore","Towne Center          ","970 W Street Rd",Warminster,0,,18991," (215) 672-7360",,40.2100000,-75.1000000,1,"2013-04-30 01:52:10","2013-04-30 01:52:10",NULL,Open,0,NULL,spc126@acmoore.com,126,NULL,NULL,NULL
2867,"A.C. Moore","Stafford Square Shopping Center ","297 Route 72 W.        ",Manahawkin,0,,08050,"(609) 597-0625",,39.7060622,-74.2531465,1,"2013-04-30 01:55:33","2013-04-30 01:55:33",NULL,Open,0,NULL,spc127@acmoore.com,127,NULL,NULL,NULL
2868,A.C.Moore,"Auburn Plaza ","217 Grant Ave",Auburn,0,,13021,"(315) 253-4943",,42.9024331,-76.5719414,1,"2013-04-30 01:56:25","2013-04-30 01:56:25",NULL,Open,0,NULL,spc128@acmoore.com,128,NULL,NULL,NULL
2869,"A.C. Moore","475 - E Simons Run","Wards Crossing West ",Lynchburg,0,,24502,"(434) 582-1634",,37.3466983,-79.2112769,1,"2013-04-30 01:57:25","2013-04-30 01:57:25",NULL,Open,0,NULL,spc130@acmoore.com,130,NULL,NULL,NULL
2870,"A.C. Moore","Parkway, Suite 4","9370 Ben C Pratt Six Mile Cypress","Fort Myers",0,,33966,"(239) 479-5196",,26.5803705,-81.8388297,1,"2013-04-30 01:57:54","2013-04-30 01:57:54",NULL,Open,0,NULL,spc131@acmoore.com,131,NULL,NULL,NULL
2871,"A.C. Moore","14 Crossing Way, #1","Augusta Crossing ",Augusta,0,,04330,"(207) 629-5050",,44.3520015,-69.6923760,1,"2013-04-30 01:58:06","2013-04-30 01:58:06",NULL,Open,0,NULL,spc133@acmoore.com,133,NULL,NULL,NULL
2872,"A.C. Moore","4458 Weston Road",,Davie,0,,33331,"(954) 217-1204",,26.0621374,-80.3769999,1,"2013-04-30 01:58:21","2013-04-30 01:58:21",NULL,Open,0,NULL,spc134@acmoore.com,134,NULL,NULL,NULL
2873,"A.C. Moore","152 Route 73 Suite C",,Voorhees,0,,08043," (856) 768-2742",,39.8383777,-74.9325683,1,"2013-04-30 01:59:15","2013-04-30 01:59:15",NULL,Open,0,NULL,spc135@acmoore.com,135,NULL,NULL,NULL
2874,"A.C. Moore","17 Hampton House Road Suite 6",,Newton,0,,07860,"(973) 940-3022",,41.0461965,-74.8039205,1,"2013-04-30 01:58:38","2013-04-30 01:58:38",NULL,Open,0,NULL,spc138@acmoore.com,138,NULL,NULL,NULL
2875,"A.C. Moore","Oakleaf Town Center","9515 Crosshill Blvd., Suite 109",Jacksonville,0,,32222,"(904) 777-6490",,30.2211093,-81.8279011,1,"2013-04-30 01:57:37","2013-04-30 01:57:37",NULL,Open,0,NULL,spc140@acmoore.com,140,NULL,NULL,NULL
2876,"A.C. Moore","Cross Keys Plaza  ","141 Tuckahoe Road, #160",Sewell,NJ,,08080,"(856) 875-9560",,39.7891108,-75.0552739,1,"2015-09-17 11:32:34","2015-09-17 11:32:34",NULL,Open,0,NULL,spc143@acmoore.com,143,"a:1:{i:0;a:2:{s:8:""block_id"";s:2:""-1"";s:9:""block_url"";s:0:"""";}}",NULL,NULL
2877,"A.C. Moore","Landstown Commons Shopping Center ","3312 Princess Anne Road Suite 817","Virginia Beach",0,,23456,"(757) 468-3024",,36.7358202,-76.0275859,1,"2013-04-30 01:56:56","2013-04-30 01:56:56",NULL,Open,0,NULL,spc147@acmoore.com,147,NULL,NULL,NULL
2878,"A.C. Moore","North East Shopping Center ","9111 Roosevelt Blvd.",Philadelphia,PA,,19114,"(215) 330-0741",,40.0746412,-75.0342766,1,"2013-04-30 01:56:42","2013-04-30 01:56:42",NULL,Open,0,NULL,spc148@acmoore.com,148,NULL,NULL,NULL
2879,"A.C. Moore","1811 NE Pine Island Road",,"Cape Coral",0,,33909,"(239) 458-1409",,26.7209489,-81.9425701,1,"2013-04-30 01:56:11","2013-04-30 01:56:11",NULL,Open,0,NULL,spc149@acmoore.com,149,NULL,NULL,NULL
2880,"A.C. Moore","4330 N 5th St Hwy",,Temple,PA,,19560,"(610) 929-1646",,40.4087042,-75.9215962,1,"2013-05-09 05:10:54","2013-05-09 05:10:54",NULL,Open,0,NULL,spc150@acmoore.com,150,NULL,NULL,NULL
2881,"A.C. Moore","926 Airport Center Drive",,Allentown,PA,,18109,"(610) 596-4007",,40.6189808,-75.5178826,1,"2013-04-30 01:55:45","2013-04-30 01:55:45",NULL,Open,0,NULL,spc151@acmoore.com,151,NULL,NULL,NULL
2882,"A.C. Moore","Building 1 Area C","1041 Beaver Creek Commons Drive",Apex,0,,27502,"(919) 629-2602",,35.7178049,-78.9175088,1,"2013-04-30 01:55:15","2013-04-30 01:55:15",NULL,Open,0,NULL,spc152@acmoore.com,152,NULL,NULL,NULL
2883,"A.C. Moore","110 Park Avenue","Willow Grove Shopping Center ","Willow Grove",PA,,19090,"(215) 392-9450",,40.1439985,-75.1157286,1,"2013-04-30 01:55:03","2013-04-30 01:55:03",NULL,Open,0,NULL,spc153@acmoore.com,153,NULL,NULL,NULL
2884,"A.C. Moore","University Commons ","3040 S. Evans Street #112",Greenville,0,,27834,"(252) 378-3190",,35.6450428,-77.4242972,1,"2013-04-30 01:54:52","2013-04-30 01:54:52",NULL,Open,0,NULL,spc154@acmoore.com,154,NULL,NULL,NULL
2885,"A.C. Moore","Seabound Commons","1120 Seaboard Street","Myrtle Beach",0,,29577,"(843) 213-2070",,33.7070405,-78.8948741,1,"2013-04-30 01:54:38","2013-04-30 01:54:38",NULL,Open,0,NULL,spc155@acmoore.com,155,NULL,NULL,NULL
2886,"A.C. Moore","Taft Corners ","150 Retail Way",Williston,VT,,05495,"(802) 872-7858 ",,44.4437070,-73.1154190,1,"2013-04-30 01:54:24","2013-04-30 01:54:24",NULL,Open,0,NULL,spc156@acmoore.com,156,NULL,NULL,NULL
2887,"A.C. Moore","Upland Square Shopping Center ","160 Upland Square Drive","Pottstown,",0,,19464,"(610) 970-3902",,40.2672473,-75.6091696,1,"2013-04-30 01:54:10","2013-04-30 01:54:10",NULL,Open,0,NULL,spc157@acmoore.com,157,NULL,NULL,NULL
2888,"A.C. Moore","571 Ritchie Highway",,"Severna Park",0,,21146," (443) 261 3088",,39.0817119,-76.5546031,1,"2013-04-30 01:53:56","2013-04-30 01:53:56",NULL,Open,0,NULL,spc158@acmoore.com,158,NULL,NULL,NULL
2889,"A.C. Moore","Ben Franklin ","5007-F Victory Blvd",Yorktown,0,,23693,"(757) 283-5353",,37.1224466,-76.4447397,1,"2013-04-30 01:53:43","2013-04-30 01:53:43",NULL,Open,0,NULL,spc159@acmoore.com,159,NULL,NULL,NULL
2890,"A.C. Moore","Ben Franklin        ","1601 Willow Lawn Drive",Henrico,0,,23230,"(804) 288-2430",,37.5803608,-77.4874049,1,"2013-04-30 01:53:31","2013-04-30 01:53:31",NULL,Open,0,NULL,spc160@acmoore.com,160,NULL,NULL,NULL
2891,"A.C. Moore","Ben Franklin","8524 Patterson Avenue",Henrico,0,,23229,"(804) 740-7306",,37.5843082,-77.5734048,1,"2013-04-30 01:53:18","2013-04-30 01:53:18",NULL,Open,0,NULL,spc161@acmoore.com,161,NULL,NULL,NULL
2892,"A.C. Moore","Ben Franklin","7026 Mechanicsville Turnpike",Mechanicsville,0,,23111,"(804) 746-2832",,37.6032972,-77.2635038,1,"2013-04-30 01:53:04","2013-04-30 01:53:04",NULL,Open,0,NULL,spc162@acmoore.com,162,NULL,NULL,NULL
2893,"A.C. Moore","Ben Franklin  ","3500 Pump Road",Henrico,0,,23233,"(804) 364-2852",,37.6474638,-77.6249734,1,"2013-04-30 01:52:43","2013-04-30 01:52:43",NULL,Open,0,NULL,spc163@acmoore.com,163,NULL,NULL,NULL
2894,"A.C. Moore","9744 Midlothian Turnpike","Ben Franklin",Richmond,0,,23235,"(804) 323-8306",,37.5213394,-77.5734048,1,"2013-04-30 01:52:30","2013-04-30 01:52:30",NULL,Open,0,NULL,spc164@acmoore.com,164,NULL,NULL,NULL
2895,"A.C. Moore","12244 Chattanooga Plaza",,Midlothian,0,,23112,"(804) 744-9423",,37.4470062,-77.6650660,1,"2013-04-30 01:44:12","2013-04-30 01:44:12",NULL,Open,0,NULL,spc165@acmoore.com,165,NULL,NULL,NULL
2901,"A.C. Moore","Staples Plaza  ","3333 Crompond  Rd","Yorktown Hts ",0,,10598,"(914) 734-4450",,41.2868678,-73.7830861,1,"2013-04-30 01:43:42","2013-04-30 01:43:42",NULL,Open,0,NULL,spc029@acmoore.com,29,NULL,NULL,NULL
2903,"A.C. Moore","Watchung Square","1515 Rt. 22 West Suite 21","Watchung ",NJ,,07069,(908)561-6550,,40.6378800,-74.4509863,1,"2013-04-30 01:24:33","2013-04-30 01:24:33",NULL,Open,0,NULL,spc057@acmoore.com,57,NULL,NULL,NULL
2907,"AC Moore ","1725 NW St. Lucie West Blvd.",,"Port St. Lucie",FL,,34986,,,27.3117110,-80.4046033,1,"2013-03-27 05:24:08","2013-03-27 05:24:08",NULL,"Coming Soon",0,NULL,NULL,141,NULL,NULL,NULL
2910,"Test Dealer","East Gate Shopping","Center 1190 Nixon Drive","Mt. Laurel ",NJ,,08054,323423424,test@test.com,39.9395322,-74.96415580000001,1,"2013-05-13 01:11:01","2013-05-13 01:11:01"," 122-222-2222",Open,0,NULL,sdtgf2asb06ogievf4rpe2et1c%40group.calendar.google.com&amp;color=%232952A3&amp;ctz=America%2FLos_Angeles,1212,NULL,NULL,NULL
2915,"A.C. Moore","Deptford Plaza","1120 Hurffville Road","Deptford ",NJ,,08080,323423424,test@test.com,39.837015,-75.08941500000003,1,"2013-05-17 09:10:47","2013-05-17 09:10:47"," 122-222-2222",Open,NULL,NULL,sdtgf2asb06ogievf4rpe2et1c%40group.calendar.google.com&amp;color=%232952A3&amp;ctz=America%2FLos_Angeles,1212,NULL,NULL,NULL
2916,"A.C. Moore","Seaview Square Mall","2325 New Jersey 66","Ocean Township",NJ,,07712,,,40.2321407,-74.04341,0,"2014-04-29 04:27:32","2014-04-29 04:27:32",NULL,"Coming Soon",0,NULL,spc168@acmoore.com,168,NULL,NULL,NULL
2917,"Test Store","123 Test Street",,"Los Angeles",CA,,90045,3105551212,bbern@guidance.com,33.9516114,-118.38757750000002,1,"2014-08-26 05:20:37","2014-08-26 05:20:37",NULL,Open,0,NULL,test@guidance.com,998,NULL,NULL,NULL
2918,Test123,"4134 Del Rey Ave"," ","MARINA DEL REY",CA,,90292," ",jmenn@guidance.com,33.988513,-118.44354820000001,1,"2016-05-11 07:25:33","2016-05-11 07:25:33",NULL,Open,3,NULL,NULL,99999,"a:1:{i:0;a:2:{s:8:""block_id"";s:2:""-1"";s:9:""block_url"";s:0:"""";}}",NULL,NULL
